piano_ids,song_ids,genre
jrpCXyQO76k,FFC5pMixoi8,rembetiko
BDqoyWIKdpk,k5OdT94T9PA,laiko
NPzDto1ytT0,cqgItDZoAHo,modernlaiko
NvuApMRMiXs,ONkRApnVzus,enallaktiko
X_Crf3J-Svs,_-9RjlVSv7c,pop
XNbsAe_k620,BLIjRIpLJVE,modernlaiko
QekfTscVp9c,fnwjrQ9d2e4,entekhno
aSVTESqWVIU,gie2DCgc_wQ,enallaktiko
75BSOU7SjVY,T-f-vQX942I,entekhno
O1WS2PoEKMo,LQMsT4lNG2g,laiko
pA-lb8jm7is,iwqNLa3CZyg,laiko
OqfcszKFxk4,xPdSaAHct2o,rembetiko
dNju65_fCKI,H3wsCLJ5ePc,rembetiko
wvMQTHKNsok,gCI5iKPbwkQ,pop
oMN82jw6r-w,OwUrBdn3HYU,modernlaiko
xz5fYJ_jxiE,11n-S2mQXQo,laiko
brfbK3CxjK0,ou2fZJelHc,laiko
qwQwpc7cVBE,fysw1kQKw_w,pop
Oco5-5hJfdk,CJFgPuuHG3Q,modernlaiko
Pktx4Vlui5I,atmi6WJAFeY,modernlaiko
xGmtOQTqKqI,94tTsb-fhzw,pop
iYxI6QAbm0Y,GFDE0RJGB5A,laiko
qBYdBw1M8yI,uU-mHbLPaOk,entekhno
o0BF_E2Db5c,EdJvHLKRgxk,rembetiko
6mEp6OHaf3o,wBiZgZ5KFvo,entekhno
eNCgbicqGbU,MKY7IK8heQk,modernlaiko
Y9_GIzuBEa8,pPIKEtOe9r8,modernlaiko
_jBdBbnQvFg,TSoDj9mD60k,laiko
6aHxQQrjOXc,G1jTBtIm5xk,entekhno
c1nM5YFjyvI,Ld2a59uYSqc,modernlaiko
6G7AJ_2rLsQ,j5nPynvqtfk,pop
Uk-bmg1pic0,_6X3_dEda4c,entekhno
pZTWJVa1HF8,gbs2IGaSlo,entekhno
eLpOanoCA8M,Wgn5SbpI53k,enallaktiko
XqM3GgOct2s,KTpyc_AmL9U,entekhno
aopBB9MHeR4,3TeICVPpCTE,enallaktiko
zAc2iG1zXtg,rnK-O85qaKg,modernlaiko
hNJTySPfJcU,6Ye0NOn7nrI,modernlaiko
PqnKMxSBXMo,_fDRMhDHGOs,modernlaiko
jvEKjCHooXc,KspqVf8-FmI,pop
3cMpc3LPKWA,qNNXf1dZJKs,enallaktiko
1tVA_6DK_Qo,1tVA_6DK_Qo,pop
QbSbQsLzgys,eojxssdyNVg,entekhno
j4xGh6RQ7Mw,jBY5if4qajM,modernlaiko
FzT-_7Efisc,jXFs2guTtXs,pop
Wdbo3kLkX28,Yrn31qYIbbg,laiko
ZvQAbbVuGew,LLtDgIUvZek,laiko
l0VvaY-ijYE,jL0QV7H7-o0,laiko
KnRZfj6KyqI,0Rup_4melrY,entekhno
8dLpK-UhzB0,n1-bIcdpwMA,entekhno
UNp2UK9jnI4,zTQVmwpfKns,entekhno
GTmNt6tWz24,2yHgImYkFoU,entekhno
B8V_27pjAgg,z7o88TWAgJ8,laiko
DvQwbaqBOAU,qUzUgIm-L8E,enallaktiko
fRhhw2mMFio,i9CaomyP0SQ,entekhno
6mgmf3JFQAY,3Rsy5VfTs04,pop
IYzgTARFfEk,oPX43SfFu0A,pop
IXa8UOt7jPE,MK_cfBPTxnc,pop
bVvFE28CqbY,1sL0CkD1TJk,modernlaiko
0nqUyXhrk4I,1tSyfffAd5c,modernlaiko
3ZmVwBKrXyo,Eds_ME_Ww6I,entekhno
P42hGHxjhOM,IcZ0s5xYoiw,enallaktiko
IfKnAHQis_A,1nVFeKy2BGk,modernlaiko
ZxWw58_c2-8,5tGtcSiFijs,pop
1FJY3grFO28,KbhbwIhKuiA,pop
3qN5vivGNzc,SR0NNl4I7NA,rock
JJ50Wlk-fGs,4q9DhvNi5jE,modernlaiko
p5uEHFJ4PY8,HsW1o0uxbiI,laiko
qgyFEbc8,Vs1aN_5NC6c,laiko 
cGy3sFrz_z0,kHCBMUTe2bs,laiko
c3CufKzhtRs,nBZqOdUjdFo,laiko
U9pVTQBHw0Y,2cNKISA8UK8,modernlaiko
at_1caoIsOM,L8FlGyrAbvo,entekhno
ED1C9g7Mqyw,Roltz_Q_lQ4,laiko
LxpoFpCwOqw,x-wqj2srENo,rembetiko 
-buOFZRbw8E,8oUHeQkn_34,rembetiko
X9DTRER_xPc,YscxhqYIxI0,rembetiko
JjRUqZCYOoc,z7pjIUMJLBY,laiko
ESRjPUsyuHY,x9d9NtKt45U,laiko
Lv3ivKcZ7gU,thDYY4gybiw,laiko
7ikqQU-bNI4,6RYngGmxC_8,laiko
ppx3dcQm8iM,vH7ZU3ZFhmM,modernlaiko
UrZUikPnYhw,iG7IA5LLExI,laiko
jzl3lMLICHk,-h4D99s10wI,entekhno
5WKYct3DDPg,CYzCIlzQC2I,entekhno
pI_RgNgTbLc,pPY34AvItwE,laiko
EQywBqx6rwA,J4UH6K-f04w,laiko
fQepgvOeWes,ARhZJp3jWbc,laiko
s2cKBWi17Gk,vApxQdoa5RY,laiko
Ll1xE4xxJDI,8UHRymuhtBY,laiko
7wQPRx2BpDs,72G-frE80zQ,rock
OwAQY3Ll7Q8,o8zIdWHo_cU,entekhno
s4Y8kKuR2nY,Xx4LXM5-Lbg,entekhno
ujLtfcjHPcw,3Ve_snxxou8,entekhno
jKLekdD1yXk,4cmUlYDql3A,entekhno
AJcO6RBZX_8,AxOgH4DOaSw,rock
ssz_F9Yz9VY,gOq5rMZ8O0w,laiko
-U1Y3-DAj2I,6Mx3siDKz-I,enallaktiko
eJObZUyCQv4,GmxJvzs2IoA,pop
Uz00a3jjB7A,bXqRRMrZARY,entekhno
203phaDuPEQ,ND9uH6L8m5E,pop
twMHC7hWp3Q,5ZyCLBhCCYU,modernlaiko
8ceZcF9vaZM,8UPQUzhtnLA,modernlaiko
V7WOnXKA8ew,pOl8YiSXitI,modernlaiko
-21UhX2d7Eo,pGl-lZSHPio,entekhno
fA1Dt-IpA4g,y44scHu2DkM,entekhno
_MHJbq2yx1w,eFbSJg9EYd8,laiko
oZTUCG_Zy2U,EH60_GJYReg,laiko
n_xZXOrLokM,OT2aWVSuXU8,enallaktiko  
XdG-irLLA9M,p8XOW4Pxv_o,laiko        
MJsU9MGQ7yw,ibnUK9DuoEo,laiko
SwCGBs9Gto8,870sh_GTYxE,laiko
dAxv9dSj4dQ,girhxLIY5F0,modernlaiko
azvQUzqzmKc,NbnshBdye0g,modernlaiko
-eYV7P0F-z0,dpK0aWh8Ms8,modernlaiko
yhhC5Tni2cc,gNd0fiaKHIA,modernlaiko
9UvdFDl2PqY,7ddOi8RdH9I,entekhno
vsd3Ge6T1zk,omltwZ8tGoE,entekhno
XZpCa_zlwjM,9XpFK-uJUA4,modernlaiko
--uzzppo70Q,PHJWLssVuWA,pop
NthQyOHrfrk,9_TLj7I44UA,modernlaiko
kI56i4430p0,mXSPdxNHkm4,pop
oMTyvK-ybRg,pxxZyVqJibM,modernlaiko
Jl1Pvz1Gq4Y,ONMbPQi8JwI,entekhno
FlSp-xnbS_k,blrKM9J68sM,laiko
D_B2N3OhQo8,YQkgcL_drjE,laiko
-z-KWkCNtM0,56tZK6WVtEs,pop
nyK1nyQM38k,noCNysllDzU,modernlaiko
Ieg1YP4-hdU,YvyfRhoWfOw,laiko
7og5I0b0RIc,gZi8YoIvsaI,entekhno
1fpz5zswaq8,U-NhrE4bgp4,entekhno
jnoG08GyV8E,qOsLuByj86w,laiko
rcI9H43OPu8,o6AaWSAYrco,laiko
KSdpc3ElPZk,Vsxmr6MnSrE,pop
TDQedK4hJTo,haXLhF6VKQ8,pop
6M0TQwVcNms,P-uAD5wkgmg,rock
Aq2QHo-5jzg,2F9ArtKj3I8,entekhno
UYC5ScNFxGQ,5cawm_95RbU,entekhno
FVZecIrstgk,liml4sCCKho,rock
MaGKx7vDxjg,6pK2E6xUqIQ,laiko
wVdIrjxKQHc,y26ciWIIykA,entekhno
pBgDbHYBy90,Cq6NGcCN4po,entekhno
JLCCDuT2tvE,LFnVsDk7eAo,entekhno
8nz9Vk8eJKg,94CR5mj5vPo,entekhno
8MYqz3VzfC4,QkdGEWA9mnc,modernlaiko
DBWt2AMfZl8,jRrNyoraQTQ,pop
4nympCs-yAw,p1IliftnYG4,enallaktiko
wW50nJJn7pk,9xn3i9ST-WY,laiko
wHvHd3gqtlI,ypEOvhN8p2s,laiko
VWWoIlGQFx0,GSSQcygTfjE,pop
IMhit1j_h3E,eYvO1kYTmDk,entekhno
n2Ab9bLEniQ,LLOXlhdxDMc,enallaktiko
JsSI235rCH8,nM7lSp3Wiko,laiko
9Ayru-UUmjs,cu3pLUkXSkI,modernlaiko
a3WwutoUybM,7LON22CUvTI,modernlaiko
quNAXkrh7AQ,zmOwwgefAIY,enallaktiko
JtrgS3CvvWM,hcljwYIo970,entekhno
dhvWOhs3EdA,67lQn1xUB9U,rembetiko
4i5xB7DHCbg,M4jmMZloUHc,modernlaiko
mdGeJCIk-Rs,5YoYhO4sWac,laiko
62uf8tJsqLg,8rib_4vQCH0,entekhno
YsU57E9cczE,S31zwSH7FEI,modernlaiko
TrXSerkq4lc,g3_JBPd8JLg,entekhno
lca0C4DuKao,fPQZAU3V0Y0,modernlaiko
OKfVYTxuboc,h2Cb_vZK7i8,modernlaiko
aJTc1-rQf-A,eJDEbi_nORo,entekhno
DtyHUVCykqQ,ja55i8mBgGk,modernlaiko
DqgjzSmTs3Q,lXSguPpBx38,pop
cj3tL7B74v4,Sv61O1AGAfc,pop
dhj6TWe1l_Y,3puVnONJ90Y,entekhno
9T_EQufaz7I,FFoEIl63gQc,entekhno
0yl2Cr-ygIA,A2AqfFAqQc8,pop
EFz_kFm7eEM,10DaQQzudkk,laiko
e0B1TaLOi14,HbBRfLmr1M,modernlaiko
pBPbLsW5jeQ,ENsWTNAfdYs,enallaktiko
hnXiKncTOUQ,CyTmq1Sfpvk,entekhno
yHlCcRrro2k,66RcvpICTMs,laiko
NNi7zaqQIuI,L89zsgdtshs,laiko
wsnMg5Yh8FQ,68TlQWrPdNk,pop
zZZOvF58SDI,vOWIuAX0UK8,entekhno
09PG7i1i6wM,uuMiVTHURjk,entekhno
IDJS858rKlM,JSmnzwPbL2I,pop
2Hqnrr4QGJ4,81n1Yth9igA,rembetiko
kEzckcJRTTw,ZIiwO-Hl5Z8,modernlaiko
9KoOYN7G03U,pAzw6IOZDXU,laiko
AmzrHXF_XXo,lF3zt_Gj3uk,enallaktiko
JqwAGpNH5as,G1ltM4fPzjA,entekhno
xep32YRJ3F8,s90DGtSjvNQ,modernlaiko
73QYuoAXlkU,liMfxyTc498,laiko
48KnIcFzMsE,EIfXwMT_VnY,enallaktiko
Y0SxZL1_rro,SjREGMioKtI,laiko
VBAZi80fLlU,zbcLr6mqIVI,entekhno
0vRAnqmwa_s,jFaQTSlzdG0,modernlaiko
JkJM0Rb0EBo,ks_hIzZo9dc,enallaktiko
zCRzc9i6w1I,3Ai1iXvFqig,enallaktiko
C29tV3O8xc4,0-3hKtUafvA,rock
thQ2nAa_EE,n3gzjjT8Q0Q,laiko
pCIGKWPlwFs,MkfnzK0SGDk,rock
XPuUs1Eh0Fk,dgQ01AV-VBY,laiko
kUdIhM2OH1k,OjGTkXCSvqI,rembetiko
puyhLWf3QUE,azN7FK6i6Hg,modernlaiko
hq9qrd1Te9Y,j1bRCL4k3Oo,rock
kj_ipbWRi78,AtIb6aT_Q2U,laiko
9bmCRjQqS-Q,gIMbVJdPARk,modernlaiko
d7sxa2GljcY,BPdqvQ2MK74,modernlaiko
Llc6Z6BDrqE,zhtB8x_gwV4,rock
5dFxb6rVUYY,wJg4SkjkDGc,rock
rB_u5TuygeQ,8KyUHbEsGMk,modernlaiko
6DoO31Xb50U,_EfAs3Ch48g,entekhno
BITacyEKZEI,2CyD4xGG6mo,entekhno
qEhihkEEbA0,IFjjl79r3wc,entekhno
LWjaH64NHPA,meYJv69uhtc,entekhno
jmJCI5Utdik,1wJ5cvPwCQU,modernlaiko
FxZ2xzR-0Q8,wrvDRt3G3Fo,modernlaiko
LwZ3K90nk-c,JGDxp67RlvI,laiko
KEY44WWaRKs,_dwPp0Vdt9I,rock
osfW4L65EHA,pSujHbm-rG8,entekhno
a_6lv8FXMPo,oiaRQQpMXoA,modernlaiko
UVSUoFsyRsM,MBrfy_Pzaa0,pop
irxi94fER2k,_XCx3Efo5Gs,laiko
JoCk7SLGJ8I,QskFT7AaKH0,laiko        
TQE7YHAGmHU,g-EAVZYxHv8,rock
NvKah3OQ4YM,JYu0Jo5-gJM,pop
jdPWJ2fCMFk,OYYm0neMRNY,laiko
6-IcZmi7QH4,4Okl_pn1sgg,entekhno
944RKfSwAmo,6_iSfaCHzis,entekhno
PevZk6j2EHY,p5VmEnopEYY,modernlaiko
aL5shCns8Pg,KuW2VMNArKs,rock
OWRw3yB_Hh8,sbKjD7CLZkY,entekhno
NBcXYZhCsro,GZ9UAzYGWOM,pop
H6dOCLSRxTs,j0MapU1-gfs,laiko
ZwE19prhWqk,-F99CXqXkYw,enallaktiko
v77_GEUZR20,3ekYMgkAdYk,laiko
VzBZ4-qHK-0,i2Dfxfz7fFo,rock
Q99GoA64d_g,0vHmwgqpG0w,modernlaiko
TUfUZaIJKXs,Hysr24Z9RSk,pop
aS-vRf766nw,v5fBHAVuvV4,laiko
OAgEs1kE4qQ,1cUWjqrrOqU,entekhno
1LN80j5NKig,it9Er-V3lpk,laiko
nQWYYlYmzGA,A86wOqWGp0I,enallaktiko
Jim13EcZ7Lo,3QhT3sEdsFc,enallaktiko
IN_2wS_bhao,dbx6puyf1DY,enallaktiko
0zlX3Wisvkg,tT2npHSxTYo,modernlaiko
sJXeOeMrQ_E,SfLZbweXH6g,laiko
fN4UZ2po9v4,cJjH_7QNhWI,laiko
kxB-ZMJOO5s,peFP1x4pHLo,pop
yEgHN_eqHbY,Y0zZ5SYY-tM,laiko
PIg_7a-0bSc,9QF0uO3REjw,laiko
o688Uvbirww,X-4kjRDbcy8,laiko
Z1Leeuq-JEk,prsA9oHl5SQ,laiko
a3STGSdeyC0,IzXQ79WpO0c,pop
r9tN8Q0PTy0,AXMS-TPj3Dg,laiko
O7qyobxzwnA,usoIjgqDncM,laiko
-WuacQSgPZM,Kxuvy8lu-ec,entekhno
fR3a0sN2icQ,qOw9kl0YUFY,pop
WPGth5WvYxA,d8gOFMLb9cg,entekhno
anDhFy1fmyo,NDsk2LE7X2A,modernlaiko
OUrL2z0UnsA,W2oddHHO7Ko,rock
O0WbGtrlcGs,MyYzePJMFKA,modernlaiko
jUO5UIm8lzI,0Eck079ZGzI,pop
VK4lvmsNCtk,raervis-gbE,modernlaiko
pzz0wJwvLFs,EDuRiKWafPo,laiko
L6x03Z2rImc,4UDZuzOKHD8,laiko
fMrTayfHkno,Jk3v4mWedVs,modernlaiko
aXR4Y1bMJf8,EH15SyjJj5g,entekhno
VS5_zyK9nbM,m02KDcOyPtM,rembetiko
WVVxivWg0MA,Rha7EXRciSM,pop
qh6G65yqFs0,HB4Puw_rBag,modernlaiko
8HMpyhQVXt0,-eE9rt6o5YI,modernlaiko
jUcPBtgvXx0,FU2FkT3oyvE,laiko
IQt23qmrJE4,XodwBy3MPxE,laiko
jN6BaqsmYRU,tseV0fanLgo,laiko
bV0cmaBUIOo,1BZgdXf3uxU,modernlaiko
d2KJJr7O0no,AnQ_4o8y5OQ,pop
tR3KHA-2eik,siiG_tzkblQ,laiko   
3RyO2W9t6J8,5L4wL3AFn_8,modernlaiko
zuciv3Y-1Rc,2r9d9c9GOcg,entekhno
bg_269AyWuU,b0GvRzWkFdw,modernlaiko
tz2LKbowdKs,V8bUPNE1mhg,pop
rNSIJ6PygZ8,50A5kScq6VE,laiko
i6yOVswUBFk,av46yj3pX7I,modernlaiko
O_RwJ_4cjq0,iXbaMWwIDI,entekhno
Y41B26qad_E,xU1pW6v-Uqc,laiko
RihJlStr0ds,u-3lxh3C3q8,enallaktiko
M_kwlgaod8U,KeCr8MzrRQQ,modernlaiko
xOsFG-dAcXo,SM7OUbY7Z1w,pop
5mOKIvPPmTI,FYqb5h_TBZA,entekhno
FH7v5wwAfsg,_YyyEb0kfps,laiko
H3pvbiyZcek,bQOTdP1QFVo,modernlaiko
_fX1pzEJZNw,n9Z3envotgI,modernlaiko
3_0Cz27xysM,B07yJdNXYxM,entekhno
nBTyV81cNyk,wISWVaZ-Mjs,pop
mD3Qlk2FEkk,ictDxm7E1-E,pop
TCmweyL94vw,Xf8-ScFYxCQ,entekhno
zfTBegpaHyg,g9_qJC7RESI,rembetiko
d2swUgA3Ye8,l0XbBlqc150,enallaktiko
AsunzM5PPQs,XlgJP_rns4g,modernlaiko
LTPhOYOd-3M,mCqA2DAR89s,modernlaiko
q4wlY6j19vM,JWvAFUgNsiA,modernlaiko
5FqHuQ6D_8k,3XsxDnfSg5w.entekhno
W_5y5ZaovUQ,4xJt3DgiJhg,modernlaiko
AOuUXc2I9eA,PQOX8BW7h3M,entekhno
m4o3uq8CwxE,g04op74ea3E,rock
kW3o3aQ3GMg,FUWZJQk3arA,pop
Ek8q4Uir1HM,SeetQUnV4bs,enallaktiko
pEaTPmjslVY,9jPM5oq58JI,pop
eg1KQgxZEbQ,4pH5nG6y1sI,enallaktiko
irzbnrt5ifI,BhSKVfchCko,laiko
DaLUVjR_n-k,S7g4FrA3FPw,modernlaiko
ZYGXbsTk46Q,Zf4I-0dsyq8,entekhno
YRd9hFcWods,nocc38alKYA,pop
-MbhsJ-QwFA,ejCmcHKj7KQ,laiko
sh9eik7-0TA,iW26ERE2lnE,entekhno
GqoIpEL7upQ,E1V2hWASEFU,pop
pvTv1QNC7ks,jcBZ-a8mJng,laiko
iQ9IzuvyQuI,oPXDGydDDT4,entekhno
PCmQj67jCvw,StfNETJjUsY,enallaktiko
X2i2FnJHK8s,omltwZ8tGoE,enallaktiko
1xbzuOrRfOs,I10Cs6xPP2c,laiko
QU2wCEf63Uw,P6fPJKMdvUA,modernlaiko
52xBl-eRapM,r8n9zdDglmA,entekhno
eUWfSg_DGBs,qEcy6KI_10U,modernlaiko
9h39LdNMeZo,HGdpn2YhSRE,pop
xeXWpGZ1KQ0,PTMKJUOSur8,laiko
3uV0XyO4Hjk,B0g_aN1I6yM,rock
mMkq2hPH4L8,yV3qgUWJvhw,entekhno
bNw7dwlO8eI,mDr2AhWO4ro,entekhno
NOz-SE4d4y4,XCuLIi71ntM,pop
P3xAHx3_rLU,Jm8z_ahoNsw,laiko
Eai2SuIrdQI,pd_VlcMyPsY,modernlaiko
pr8dKloZFWQ,WcJOaGElHnw,laiko
aGrvix_XvAQ,ldY7AmLwMfE,laiko
YFHzLSKB7jg,5bpYkeHdTHc,entekhno
a_pOj5Ve-Og,-EemTah5v7w,laiko
dRacn9glNJk,ev_sQGJXuyI,modernlaiko
Te5knvdgSmA,VmQLQfP5lhI,enallaktiko
fxgDozUgUPs,2YjIVTASGt0,modernlaiko
E9fwB1mb1Rw,8BoYOaSV6Zc,entekhno
vM1idkTQ6gU,XwhvUVLu0iw,rock
DzROGYKoxMw,VfsSIayrtNY,entekhno
9zgomR43nMc,O31I-Zil1mc,entekhno
xvsOfJdDgpA,GNq1zA-Gn_8,entekhno
F2Bt5OTq3ic,SgqazPfFVW8,modernlaiko
-BxP8XwP0p0,pC-rhbDxPgA,enallaktiko
e_zzNj0nYOo,mF2FH0-fQiE,pop
UreqX7Vq_fI,sNVQgKlWmcU,enallaktiko
T6eQmscGDPI,pWGcmKCvdzo,enallaktiko
5hy79fWA8ts,HfUlc29bG2A,enallaktiko
D0wG2vV-mzA,MdCfJ8jEBO4,entekhno
RbwjU0T9U38,1zQcAvub_H8,pop
yVfy0fdsFd8,YzVmzfWYjKI,rembetiko
QYavuJWUI_k,aAGQJEfaIUM,modernlaiko
58658Ao9Uz4,1_fOBgouLHU,rock
tXlTMHfeuNQ,OR852suRbzg,modernlaiko
lJzlhWtGoY8,u7Jl_Q-Eqw8,enallaktiko
2sdgRoOTk3s,Bsh8bdVw_0Q,enallaktiko
Tz_6H_wCV2M,lftQacyK7tA,laiko
8GteQrCggJI,1X1_a_yGjXc,rembetiko
DFiqmaONlV4,eqVBH1tanYg,hiphop           
xjU4FB4ursc,zmGVwH58QMI,enallaktiko
fBrM2e4fEXw,u4i1O92QZzM,rembetiko
CnEn4GK89bw,O1z9R_E3M10,modernlaiko
8tEM_zsxisg,25CmWiYWdyY,modernlaiko
V0Tdkf2dcdQ,LANKiFRgbyk,modernlaiko
IoYsL2lbsdM,i9pIY8ZKCoA,enallaktiko
dExUZL7PFdA,Mhz01gGFf8w,entekhno
n9K9lrCQ68I,kyqIamVNYmU,modernlaiko
ipVo3CQNBG4,DHfTUaVTz-s,entekhno
SzZFLC9Ue08,OMori7GoqUk,enallaktiko
MRhmZFIbkJE,kFsXp1yjIf0,entekhno        
VDBzQ8lQSOg,rdHeJdzNxuo,entekhno        
gWJeVkawGG0,1Y3h-3ka4bo,pop
BSexD9augiM,pH8TTr9IkBQ,modernlaiko
eSrzGWr4QUE,OyqNEocIQxg,entekhno
1-pTdkBpwPY,WKCYQM_AXJo,modernlaiko
0NStWyEGCkY,tI3-XOfz1q8,entekhno
L76ck0r6q94,oJnU79t4Lr0,laiko
SuAABlTs7nU,W7gwioapTKI,entekhno
Vf0P1LRa478,Sk7l68dv7wg,entekhno
v0szvbuNcYM,qiYyEXiUpVI,enallaktiko
j0B5VkvNSes,cWmag1kxQfo,entekhno
_bTFIpxO7Ic,q1SPhVn_gwE,entekhno
fUPJ7zryVak,o5tKU8ABKLk,entekhno
b8wchTVg9CI,viI39-60YGs,modernlaiko
a2oAcXENTjw,WECdUUL0HY4,entekhno
3MBmG1Kyim8,l_Lsaytk2DY,enallaktiko
u0O3xIjNV1o,1_SarrxECko,pop
pao5Pl6KKq0,JUm2HPnClLg,pop
gP_EBPqhYm4,i6TbpGYHwxw,enallaktiko
21aShzhxSCc,4AM7eIgO8J4,entekhno      
BzZLYnjZbzE,oyuJ75ssqhs,modernlaiko
S60459YzWEU,qCpKTbNNRAA,modernlaiko
riavOnUMUAg,SAt6tabWNv4,entekhno
HSeHSeZ9Md8,pOo5MCxiOaI,modernlaiko
kVVwMFqKJUI,AfMZ0nnOKR0,enallaktiko
-chmYrm7fSU,oz3h_MwOr-Q,enallaktiko
hTNV__IkhSo,C602WLwyVh8,pop
lZI96WmToSQ,WRsAMPo7Exc,laiko
UvHJeZwrTK8,ng06trNo74w,modernlaiko
Ohrd3Z3CxRg,R1eNOx1Z4nM,enallaktiko
WW5ioNiKLKY,Hh5qWRuNdv8,modernlaiko
BBCwhja2OUE,1_sfxR3vYRI,rock
YtnrBq0eAHU,9ipV1EmnbIU,rock
-SdY7ZuZ0Zc,wEEG6U08x-w,entekhno
cil0KHMouXM,kvITqwdGwNU,pop
zj45gt0snTU,O-S11SLg2qA,modernlaiko
eCaZMKHkuSU,JhLlwayn3C8,enallaktiko
ruOZ-O_Kyv8,MBvT_QgZbO0,entekhno
Zcwl4jY-o58,BOGcOP6lP6E,pop
_tZCUCcJ7Q4,brwVZLU4dEM,laiko
1kbeB0GXHrg,MBiaqyiO-LU,rock
gi0oJAsE7o0,7U-LgmPP3xY,modernlaiko
9d-GiNkq_AM,KJuQiFTaYMY,entekhno
AYT7axASly4,wmgnfFi_k0k,rock
u3eEY02O9Zs,XES0VPB3TF4,entekhno
-T_5KgBSDbY,H1VqM0IUKpo,enallaktiko
TSO0Wm0tdMk,egKvScrxuTo,pop
2nqjD9fa4A8,x8fMOKpks3s,enallaktiko
jWz7UKxhQpA,o6_NJTVOadI,modernlaiko
SFTk5QzyjJ4,ZyqNvdocg44,entekhno
WA18hw5Cv1U,UPcWjzUWkmo,modernlaiko
j9FuRk87mzM,J_hI2_Nhsb8,modernlaiko
qoWgeDQ8y2w,pAE1T4iXJPc,rock
pWhWKWHCIDY,sg5xEdpnHaE,modernlaiko
PdUGRJWtYSs,id8SpgZgySM,modernlaiko
q8RTroFTqTU,oNDSq8wJ7mI,rock
5MHQqimtOX4,4QugPbpjpJQ,modernlaiko
Vv6eY07ciV4,eFu8EgC3r6k,rock
8ReWXijjr98,TrHR1N3mSSA,modernlaiko
WZ03sZlV-5I,IQqgLndSUEQ,enallaktiko
XX87wU1_43Y,6y6DgkuHXvw,pop
KsHJpdCk7A8,ztd8bsgGLRg,modernlaiko
Y1V5H7rfYdA,osMpwS8yqb8,modernlaiko
Ctr-0IwfOJM,yCnersCIQBw,entekhno
tCl22BeOBso,PU9UDuiqHOU,enallaktiko
ypKq9ofwSbg,D_EoOTWPAhg,pop
8jmdG45qYVE,NTTjkpYHLp4,pop
GcLw2MwJqto,lA7R0xZFs68,modernlaiko
VsaefZzBGg0,MNfc4-M7_JE,pop
G2Yrn6oM5ik,INo-84tgyUo,entekhno
q5hvxTQjknE,Hq4JckHf55U,pop
s_E14pmTdVo,igWlfp6pyD8,modernlaiko
LQItT-vYruY,VQ6eI2Cy42E,rock
7Sv0c_vlkco,Sq_m-jWtfX0,laiko
vh7Bimhe4C0,BDM0xXUgY7U,modernlaiko
FIPlOj8F8NM,1I28u6f24go,pop
wxhEhefUokY,nEiyDDXgATE,modernlaiko
kBq8wzoNHBE,OD7KJh8Ltpw,pop
e4y7aEvOs-s,6Aj2ah4H5dU,modernlaiko
DdBOaZu0fPE,Roltz_Q_lQ4,laiko
TEd42LntphI,PY-NzysLCHU,rock
8TJBLhrhxqo,5nBOrijqP70,pop
50GRv_Ff0jM,Wq9T2tBb7bQ,laiko
gAjTMsr-uQk,jhyD0PsVW8o,entekhno
l5rVKadKBSk,O6nLChp_lfI,laiko
yGPMptAQ1vA,Ci97rqyYGp8,rock
PnyuYvrqdTY,U6B38QarB7A,rock
lowY5xFl-sM,CHKagOrjPVY,entekhno
tyY7nRshDC0,uLP01r2CNaA,laiko
pUSCCG05ISM,v4qs_L8beZM,enallaktiko
N9UUzE1ptcE,Pwiyr049-4k,entekhno
9Z1nPvhACYM,U5Z0teXrRQk,modernlaiko
O-SKhw0io5g,zO2pf5UAqak,entekhno
ZqiSu9dyeyE,dP-J99QG4h8,laiko
rd7-_YW48PI,-nPkQV4rPM8,pop
zaHYzoXlslo,aajkVbDj4MU,modernlaiko
2f3C4NxDr30,RVSnYR2V61Y,rock
n3aatUja9I0,K0-8OGJQ8PM,pop
jMORiYzP1lg,XnF6Cx15f5M,enallaktiko
yXCAf-IwUyY,5juMI_oCV6A,hiphop
DGG6wcaG23I,s_bt44BmjiQ,enallaktiko
geh5ip22als,vIRV77JErPE,modernlaiko
hNwdjcV2XhA,s6Jd1iKPCJc,entekhno
jtdTRKgvDO8,CUVr1J_4lM4,entekhno
BL77IjYr4Bs,jzyQUpwy860,modernlaiko
jTJABUJLlNc,ETMbMp4omrM,modernlaiko
2229eSP3rDg,kRYymy5Acvw,laiko
JufXIUq4Ils,VpkUytcKeJ0,laiko
7LF1nehOPL4,9f1p8IdahG0,rock
qPoCoAUhCmk,e7gL0YIUj8k,modernlaiko
8vxlMx-J3Fw,kBHBs4pXnXE,pop
Rq3PSoopzP0,MPfe2C5dyNg,entekhno
x1Uwxxpu5c4,jkLk6t6jF38,entekhno
23zxrZN9Up0,OYSHzUPqi9M,laiko
k-hEeDnhri4,_-1ItWqzgcM,rock
E1ylIkHx5g4,XGvStJEGVYs,modernlaiko
KrkIyashoLU,58_pUPm_UI4,modernlaiko
gDPeZeP_76E,6n3PCZvalCc,laiko
d60RwPCmeKo,htRRWhhbKj8,laiko
P_ivTO0ZYKA,SsMnOuIfGog,modernlaiko
KSl3L9rVZNQ,vYHUxctInlo,laiko
FRw0zNpFpWw,bz7hvEMGADI,modernlaiko
TwW0blUJe6A,VRLwym-g23o,pop
kvRVRMPcT0g,J1BaPp_zkC0,modernlaiko
UhMcCV75JQA,mGxeHlGL3T0,pop
NElP02yLebc,yYNELlN4XF0,pop
YP-iMb_wY74,Uhm8HI8LWQ8,modernlaiko
Jc51un7hulk,Lfexh_shq48,laiko
atO7kJWi2fQ,g6czouHvF3Y,entekhno
imOxI0WwsLw,hYxk6t6bkWI,entekhno
1dE0C_skAXQ,gDqVgtPzndI,modernlaiko
ovqLl8YiSfk,-p9jmLVfHXs,rock
ZNylSgXbiYQ,38cUR2FMloQ,modernlaiko
9XclDDKTrwI,aCoaPPOVORM,pop
jBIhrqwMYZk,xzlF-PWg-6k,laiko
rHeJIwazWj8,kdI9mg2s4wQ,laiko
ldYoGLmVG64,l8JzuSXs0GU,laiko
sqsn1utJGeg,bPjIiy99KUU,entekhno
vHAwNu29u6g,2XlOEH9_lS8,laiko
spqL0DZ20dk,CKBvVYDviZ4,laiko
fFfqD1vy2Oo,WDbrzIpYCKk,modernlaiko
Oo2jPiIxsb0,YtyoJHmVfyg,modernlaiko
wWlDlX_vVzA,X8jSAzj5qd4,entekhno
LjZVtSjkWBA,4hTRBtXBlN0,modernlaiko
t6tg10Odo2Y,V1FA6ifutMs,modernlaiko
UM8hcFaemtU,PpZmkP-oV3E,modernlaiko
0akkrGKQhSE,1s0MIjHGMxQ,laiko
nbcYT7W23_A,hOv3rWtd7uU,laiko
IXl228qSXpY,nzSjGLAVQpY,laiko
6lRiHyEBF2Q,_c495L22e1E,laiko
7kRwfSh3MPA,DnOf7ROQfS4,entekhno
g3y-cA8L6oc,u5Ze9m1TkkY,entekhno
QEGG5VA6rjk,xy1BlhKLL-w,rock
zsPQI81Uwac,6iYmTqbNMYc,modernlaiko
_qaMBShEIeU,lujK0jMhxpQ,laiko
JsceNRyoURE,BE_u24hJm1A,laiko
n65Z0DtpBf0,DgFM5W52qU8,modernlaiko
Dr92oh_PTjA,Lk2gd8LyPg8,laiko
QPephYuSNDo,3SsZn10OP6U,laiko
XEfpyMWeWNQ,ECVrVj2iuNk,enallaktiko
MbLqpY5C4e4,1GqU8FltjYE,entekhno
xL2J7rJcXE4,0NbNZgWYkos,modernlaiko
VvH3vIxsntE,Rgqs3tyzEvw,laiko
CWtYP_SAEs0,Eqr_mfJrqy4,modernlaiko
aLlyuVMDPD4,wfXNmWSmLEQ,enallaktiko
5diLeyovPuM,Q2Xz9mB4fXg,laiko
jgN1IkpTS9Q,jWRbbHe1ryU,laiko
Y2rpflOR1kQ,OtFiUekBuic,laiko
SHsx2RLLDAY,1jf_hPySF-c,laiko
gXMFusbGNQI,4ztNnwbXJjw,laiko
F0gFPPWx4MM,pyIWeg4_K60,laiko
SLiUOcas9mc,DeBpvQ2iK18,laiko
ewidmD-E_Tw,UqmpEhSIHMU,laiko
cRsB5gJbJsM,1Ba3fOvlruU,modernlaiko
Gk2R7GfW68M,nAde8qinsgc,laiko
OfxXX23qCrM,7synIC_7zZI,enallaktiko
hFxOhecbWU8,XkUQd4qT-ak,laiko
qR90AZwBjyM,AUPDZe8yz_A,laiko
Z0SjxflYQ84,BOpEI31otCI,laiko
CM6splFp7yg,kCSvBDouFF0,enallaktiko
wuzd31D5TjU,Dm4rNlHof1M,enallaktiko
VvfAKZCKC0w,6Y5i2qWpMqg,entekhno
KJDD5LaWLmg,osiSkl7cyNc,laiko
nhCSMwR0uF4,XHBva7lL--g,laiko
a1CwBPv6ejw,1LnqXZXcMRc,laiko
Oxs1TQA-huc,_UNsAbRURlU,laiko
f5ushKKlvaw,CRmv1bNuITU,laiko
TXSW5EhNXc4,ZvUjeecIg4w,hiphop
e3XeW5PstI0,T9QSC8S8q94,enallaktiko
ug-4w4xZLiQ,YdhKi7Pwxb0,laiko
5otNq9F3O3M,qcadb5Kp-X8,laiko
FwAPpUHTNLM,kuhLIS_TPmQ,modernlaiko
P8e8wlIFu5w,sQ5H6T2VHdM,modernlaiko
jKz-FCMFUgY,Dsfvf_bg_W4,laiko
iV-W8TDdAQw,KHaaJwGDIeI,modernlaiko
NkdGS8P3U5g,Z8tZBIEP7Rk,modernlaiko
mXXKn-DcdCo,cdin7Yx88ew,modernlaiko
u1t_gE62fEc,aP7iMOni_i8,laiko
lR3ToaWiqm8,oiRKof--_iI,entekhno     
tdoYI4wKJ8A,L76O9-oNPZA,rock
VF_eVzMX218,npOLeqpGlmg,entekhno
6WAhkV3n1uQ,yVok8hDmAuk,laiko
3XYaw0HU4vQ,_p1zOSsgiMk,modernlaiko
7V727poiMBI,6Cr4QjnS6Qk,laiko
AW5ouruO0g0,4Ohvtg7jFf8,modernlaiko
BVcltaK3cFI,EMglTF5QE98,laiko
o4v0XWFIeKQ,oP5Fu9F7HXM,laiko
eZtqB91_RD8,dSKjLKdYGiA,enallaktiko
yQbOgopymp4,KbgCvtUgm34,laiko
86ITOoQJ_A0,7pCV9Vymi0I,modernlaiko
0n7900SWVwE,MV3JFzF4nWg,laiko
4_6WMca-C2k,LG8k7-Dyu0k,enallaktiko
DweLtUFv52g,0mGQiUze9SU,rembetiko
rRz4WLvC5g4,5wTeHSX87kU,modernlaiko
Cl3b0BLZ-2o,4JRDUSytNaQ,rock
0FmrQfKrUtw,68OLG_Aygk4,entekhno
lVJ_TqyJvE4,-jcIUyLtkCI,laiko
_DzuY0w7WOI,bW_idAmJbYc,modernlaiko
NHiSXzqGQhc,H10nRjwOdj8,entekhno
rg7WjVzZMlA,yV3qgUWJvhw,entekhno
dEtJzDaB-oE,u_49zgOVifY,entekhno
XH_qEp0h8zw,4LyUe0fd-ig,enallaktiko
S1ABV27sD-s,ozX_IJLk9g8,laiko
9PIJ0BzdGAI,C1pSzzqXoNQ,laiko    
M8fAXK3xt2s,Twmd0PgBnqQ,laiko
TsZecJO-O_o,76fmaYjasXw,laiko
ggRLQ7995KA,nAPUtEIvtIs,laiko
pJoMrUyIygg,FIRUSAi7OuA,modernlaiko
KrHY5DiKcpM,nkRWhvly7vo,modernlaiko
fa8CAByo_pE,omKTw9mGdmk,modernlaiko
uo2Q-Rceqw4,BL74eKGkGXw,modernlaiko
Efmk2xL7ilU,2TZefmw9m8g,rock
eBwrV0nMAxI,mTSTnLWGUPs,pop             
lLnfJfdWWGk,FcM0ieJJrbA,entekhno
gItHVFONzwg,ORxiXubzlkI,pop
dOp1D_R9xss,yWYFHf8m2_s,modernlaiko
BBvIP6suKQo,fqEmGXu8HEk,enallaktiko
fZrMYKG4teQ,fK_Lhpmk8Ow,laiko
ijJodMgQztc,0le65Jq0adI,modernlaiko
RHugDKvzEe0,7UJa4sUbkw0,pop
S7KXTsTLTZg,ARk3sgIZwVM,modernlaiko    
ccphh31Xk2o,DZsyzCmYHAo,entekhno
Bo4dK_ixQoI,sVUrd47qxD0,laiko
BoYx2auNLMc,L4_uzI939ug,rembetiko
K8wPDoKqAj8,kTAK8rHH5Tg,rock
P6gTNUaXefk,g9iiK7q2RC4,entekhno
Zmm8p8W0q6c,Okv2mB38b-A,laiko
U4E6zVwYVjw,YYDKGJY1q8g,rembetiko
xvwAVsEZQgM,c8QIsy_04s0,rock
ilxmPRuWXvY,hEL6H4aIeaE,laiko
1IbmUZUoVQk,2F9ArtKj3I8,entekhno
_UaqMnBOrXI,sliaSXxnNcg,laiko
iF3SPxkRTUc,pGl-lZSHPio,entekhno
Fer7rEcFPK0,_EfAs3Ch48g,entekhno
sBuCy1tvkSE,lF3zt_Gj3uk,entekhno
PFm3yj3-S0E,5LrGmEhEUMA,entekhno
vzF3mIAuzkk,Eds_ME_Ww6I,entekhno
znNNSGlw3Dg,YQkgcL_drjE,laiko
o07zz-Vh2b8,H9Z-L9G3ybM,modernlaiko
JJZl8kDhy3c,9TWzsmcCWRw,laiko
SXWsfWLQ-Is,wu1rj2QEdg4,entekhno
q2fuOOjLhO8,0VKHskfYPA8,entekhno
DlxH_VNpe9M,d8gOFMLb9cg,entekhno
LkqOJNlcUGs,g-EAVZYxHv8,entekhno
zwTfxkcUIDA,qUzUgIm-L8E,enallaktiko
bbV2JYJUflo,oK7SQqpmCOc,rembetiko
2_hc5ywMl7Q,qOw9kl0YUFY,hiphop
hD_8bxmo548,LQMsT4lNG2g,laiko
4fBHQEz7xQ0,uU-mHbLPaOk,entekhno
A20XT4866Yg,p2GUbgccgcw,modernlaiko
plNhXmlXudY,jXFs2guTtXs,modernlaiko
XRH-Gyg9-20,5C7ZtOG5DqQ,modernlaiko
ymxixaYOCWk,LFnVsDk7eAo,enallaktiko
x1tMwmcYgjk,KG6Ts5noKKc,laiko
wL7WtasjQXA,CJFgPuuHG3Q,modernlaiko
jtVmlyigwvY,sbKjD7CLZkY,modernlaiko
oOmFbOhUrKs,rhPErmXGDg4,hiphop
toTQzQUyNVs,u2o-t6-uu-U,modernlaiko
4EExEqwTP-w,9wmN4nUIiZw,hiphop
BUSUxxPKHVY,KtdOEUENVgk,modernlaiko
-U6VJclOtYQ,eMMlO0ADRdc,modernlaiko
x7vPQOvy1yw,o5tKU8ABKLk,entekhno
dWQHnyAQ1Lg,egxP59JXrJo,modernlaiko
v_8xRDs3AIY,LdEPke7mXlk,entekhno
cNdV8ok08vg,Tvh0HsSc7w0,modernlaiko
8Bq9qSbVlOA,6Ye0NOn7nrI,modernlaiko
OiWCePh3u38,WEG6HwIP_6k,laiko
di0rld2AYzU,vNfcRcJEv0U,laiko
pFKQXqpOfoU,KJuQiFTaYMY,entekhno
NYWxU6FJshg,ldY7AmLwMfE,entekhno
TpXcdnxNNag,eojxssdyNVg,entekhno
sY92Al_q9JM,KpcFGBgotp8,modernlaiko
irqLFKZv2ZU,MzeNr2zqkNw,entekhno
YK2K0HHR5FA,5dTeNr6tO84,entekhno
Uijx-YDM3IQ,7hYluL2XGLM,entekhno
5VjVyqDcVlg,1tSyfffAd5c,modernlaiko
KP7gxtZbTdw,3_5PXNvKmkE,entekhno
d5AzaUNVPZ4,dCts5OHOJn0,modernlaiko    
RMGOwM-9WJI,gUsuvYqcpqQ,modernlaiko
2iyhtR0fs24,WIe-W5wNb9c,entekhno
mJj3jftSA-I,RKoZKmhzF9w,laiko
JiFNyYB6xho,aKC8UsSPwdI,laiko
smCPzPqMkXg,fl1IFTrSaiY,laiko
awesvH4UMTk,kHinPjK25MQ,entekhno
zseSgZV-3hM,IfJcRhNHWqA,entekhno      
